NVCN,0.08,1.377462821986982,16.218285274837275
MBOT,0.675,4.5430093263861915,5.730384187238802
OHRP,0.2199,1.3802886061304345,5.276892251616346
CTRV,0.235,1.3951503026382963,4.9368097984608355
EPIX,0.24,1.3802886061304345,4.751202525543477
NLST,0.231,1.3089148723784576,4.666298148824492
CYTX,0.2864,1.3353344531137488,3.662480632380408
ANTH,0.3194,1.3802886061304345,3.3215047154991684
ATOS,0.446,1.7441248578749176,2.910593851737483
TROV,0.3492,1.3405051964615513,2.838789222398486
APRI,0.4061,1.5061658774344635,2.7088546600208407
IPAS,0.38,1.4030741544536158,2.6923004064568836
EYEG,0.38,1.3985375451493534,2.6803619609193508
IMNP,0.35,1.2669325102462703,2.619807172132201
ABIO,0.4994,1.7432798330864214,2.490748564450183
BIOL,0.406,1.4017356340346412,2.4525508227454216
AMMA,0.455,1.4018480049199384,2.080984626197667
DARE,0.8379,2.5204014195764146,2.0079978751359526
CHEK,0.5179,1.5380754739847413,1.9698309982327502
NEON,0.4214,1.2281813314044507,1.91452617798873
NVIV,0.535,1.534555580606488,1.8683281880495097
AEMD,1.19,3.3310026579656946,1.7991618974501637
BIOC,0.295,0.7747600645380542,1.6263053035188282
PRPO,0.5372,1.4018836304228923,1.6096121191788764
SNES,0.51,1.3079051938439852,1.5645199879293825
FCSC,0.59,1.493793045346116,1.5318526192307051
DFFN,0.546,1.3802886061304345,1.5280011101290008
OREX,0.2089,0.524054215992816,1.5086367448196074
VTGN,0.9279,2.3128473832042924,1.4925610337367092
OVAS,0.811,2.0176803369534384,1.4878919074641654
BUR,0.52,1.2936321179411152,1.487754072963683
WWR,0.5724,1.3802886061304345,1.4114056710874117
PULM,0.509,1.2064176922248335,1.3701722833493784
ROSG,0.41,0.9451603294374537,1.3052690961889115
CFRX,1.6252,3.599043410545706,1.2145233882264987
RSYS,0.641,1.4008900304501317,1.185475866536867
AYTU,0.637,1.3145415190217906,1.0636444568630936
CRIS,0.6533,1.3453137167176465,1.0592587122572272
RGLS,0.7175,1.3802886061304345,0.9237471862445079
VSAR,1.65,2.9955504878044623,0.8154851441239166
SEED,0.7703,1.3802886061304345,0.7918844685582689
EGO,0.84,1.4717941408190298,0.7521358819274164
DMPI,0.94,1.6426144294860046,0.7474621590276644
DPW,0.8,1.3919344690672477,0.7399180863340595
PRKR,0.8,1.3827107681666724,0.7283884602083404
ONTX,0.835,1.3986156039119093,0.6749887471998914
OHGI,0.85,1.402507710217249,0.6500090708438224
SBOT,0.82,1.3351867007979425,0.628276464387735
CPRX,2.39,3.8642246772159075,0.6168304088769487
AKER,0.8299,1.3295768130199228,0.6020927979514674
JAGX,0.195,0.31127365962113873,0.5962751775443011
CAPR,1.36,2.1355771700824144,0.5702773309429516
IDXG,0.8828,1.3811496576536353,0.5645102601423144
ARGS,0.9,1.393732957337984,0.5485921748199822
EDGE,1.18,1.7937893641479268,0.5201604780914635
ONS,0.89,1.3524925868240234,0.519654591937105
PERI,0.8,1.1980748350642698,0.49759354383033716
WMLP,1.9,2.839845093568387,0.4946553124044144
ALT,1.16,1.6978616316332218,0.46367382037346716
CDTI,0.9749,1.40303330244353,0.43915612108270596
CHMA,1.5,2.1554368681096996,0.43695791207313306
CLRB,1.135,1.6113839824879626,0.41972157047397585
TISA,0.9993,1.4002543241537215,0.4012351887858716
EVLV,1.02,1.4029584956032064,0.37544950549333955
SRRA,2.07,2.8115068895782995,0.35821588868516896
TTNP,1.05,1.4138329243010186,0.34650754695335095
KRYS,10.09,13.502092615664866,0.3381657696397291
EBIO,1.05,1.4022337272423244,0.3354606926117374
GNCA,1.05,1.3802886061304345,0.3145605772670803
CBK,1.07,1.403133141668902,0.3113393847372914
CYCC,1.35,1.7305512559945218,0.2818898192552013
ICON,1.11,1.4026244832855785,0.26362566061763815
SGOC,1.1278,1.4024678136191944,0.24354301615463236
CGA,1.26,1.5458310777264201,0.226850061687635
VVUS,0.3559,0.4350797854554136,0.22247762139762184
IMI,1.31,1.5943257287225512,0.2170425410095811
SUMR,1.15,1.3913608027404063,0.2098789589047012
DELT,1.15,1.3881031112805218,0.20704618372219286
AEY,1.28,1.5361572189605965,0.20012282731296605
ANY,1.0034,1.2010522445876024,0.19698250407375162
SNMX,0.8898,1.0542697376338723,0.1848389948683662
ADOM,1.18,1.397703095181515,0.1844941484589111
SPEX,1.2,1.4018623060088289,0.1682185883406908
AXON,1.33,1.5498609616830605,0.16530899374666208
CUR,1.65,1.9079981156548302,0.1563624943362607
SCYX,1.34,1.549058703431811,0.15601395778493354
CXRX,0.63,0.727828429678771,0.155283221712335
ONVO,1.03,1.1795691642767143,0.14521278085117895
ECR,1.44,1.6267225103939946,0.12966840999582963
TWMC,1.25,1.4031267001218666,0.12250136009749335
MOSY,1.19,1.3259473317694859,0.11424145526847562
PSTI,1.37,1.5085254152790601,0.10111344180953297
SPHS,2.01,2.202050730282339,0.09554762700613884
RAVE,1.23,1.3410323037184777,0.09027016562477863
ALIM,1.03,1.1220458436815126,0.0893648967781675
ACHV,1.27,1.3802886061304345,0.08684142214994828
CTHR,1.36,1.4742324097600306,0.08399441894119897
CASM,1.26,1.357585378898936,0.077448713411854
CPSH,1.35,1.4385436617617473,0.06558789760129424
SSKN,1.17,1.246038543079302,0.06499020776008724
ACST,1.3,1.3802886061304345,0.06176046625418041
MYOS,1.27,1.343782298385901,0.05809629794165416
KGJI,1.27,1.3404090117199843,0.05544016670864904
DDE,1.33,1.4031442035230897,0.05499564174668392
NAKD,1.47,1.5499178842016352,0.05436590762016014
OPHT,2.74,2.886676572506922,0.053531595805445864
LBIX,1.2205,1.282710293861439,0.05097115433137156
CHSCP,29.99,31.482702860111406,0.049773353121420616
TAIT,1.5155,1.5896949814383863,0.04895742754100052
VICL,1.45,1.5156777573191165,0.04529500504766659
DFBG,1.3284,1.3877147966183543,0.0446513073007786
CJJD,1.349,1.40313045890505,0.04012635945518905
NAUH,1.3058,1.3273983131565403,0.016540291895037695
MYND,1.19,1.2055863466494725,0.013097770293674316
PRSS,1.3475,1.3559820356666341,0.006294646134793469
IPCI,0.72,0.7195072225453819,-6.844131314139856E-4
IDRA,1.84,1.8371018954975118,-0.0015750567948306093
VRML,1.36,1.3563577965590552,-0.002678090765400709
WIN,1.41,1.40599601438144,-0.002839706112453766
VNCE,8.95,8.905351795320144,-0.004988626221212988
CHKE,1.3,1.2901050434731127,-0.00761150502068253
GURE,1.43,1.4127624581717622,-0.012054225054711765
SGRP,1.4,1.3674468146610246,-0.023252275242125253
LPCN,1.53,1.485991972767987,-0.028763416491511817
NVFY,2.16,2.0925993778236904,-0.031203991748291582
GNMX,2.01,1.9441756090072526,-0.03274845323022246
MICT,1.32,1.2704517355243854,-0.03753656399667782
FVE,1.3,1.250349500064158,-0.03819269225833999
ORPN,1.98,1.9038011592053006,-0.038484263027625976
RMGN,1.42,1.3507679875328726,-0.04875493835713185
PGLC,2.05,1.9460857823254454,-0.0506898622802705
MEIP,2.07,1.9630868168754345,-0.051648880736504976
FORD,1.42,1.345250949374222,-0.05264017649702679
ONCS,1.88,1.7732406564207608,-0.056786884882573996
BPTH,2.0,1.858857316102593,-0.07057134194870351
DTRM,1.42,1.3183955889941248,-0.07155240211681346
RSLS,1.45,1.3453289784494462,-0.07218691141417499
XSPA,0.72,0.6671031677957285,-0.07346782250593253
HTBX,1.64,1.5132138572995175,-0.07730862359785506
KOSS,1.78,1.635723729458849,-0.08105408457368035
GIGM,2.8302,2.5999990407023343,-0.08133734693578742
ALJJ,2.1,1.9281937143984473,-0.0818125169531203
QUIK,1.52,1.3899250486195451,-0.08557562590819401
MBVX,1.51,1.3802886061304345,-0.0859015853440831
ENT,1.47,1.3376502454522528,-0.09003384663112057
NURO,1.41,1.2792814140054678,-0.09270821701739862
SMRT,1.52,1.3736724201965265,-0.0962681446075484
CIDM,1.37,1.232969805732973,-0.10002203961096867
DRIO,1.54,1.3856335977530785,-0.10023792353696204
YTEN,1.95,1.7495301207634775,-0.10280506627513974
TRVN,1.64,1.4583343446841548,-0.11077174104624699
SAUC,1.35,1.1991686699733997,-0.11172691113081512
BASI,1.6,1.403151909786482,-0.12303005638344877
CHCI,1.55,1.3544349286989625,-0.12617101374260487
CYTR,1.59,1.3845493561226205,-0.1292142414323142
TYHT,1.62,1.3985214569018614,-0.13671515006057944
SYNC,1.6,1.3782748174511554,-0.1385782390930279
AMDA,1.5201,1.3014796757394715,-0.14381969887542168
AMRH,1.64,1.4031125427705344,-0.14444357148138143
EARS,1.6,1.364052206994586,-0.14746737062838378
SHLD,2.67,2.250197679810739,-0.15722933340421763
PAVM,1.64,1.3802886061304345,-0.1583606060180277
CNET,1.6688,1.4031124190437612,-0.1592087613592036
OPGN,1.68,1.4022419092705074,-0.1653321968627932
EKSO,1.58,1.3145234250780606,-0.16802314868477175
ADXS,1.69,1.40155507497363,-0.17067747042980463
RIBT,1.5729,1.3031167472885055,-0.17151964696515642
RAD,1.68,1.383951468937843,-0.17621936372747438
SLNO,1.813,1.4787111730761398,-0.1843843502062108
DRAD,1.55,1.2628606009606629,-0.18525122518666914
AMRK,12.25,9.969259014809394,-0.1861829375665801
MBRX,1.8,1.4627493383939263,-0.18736147867004094
AVXL,2.76,2.230873952611019,-0.1917123360105003
INTX,1.63,1.3058843023216045,-0.19884398630576405
LINU,1.45,1.1554925760031556,-0.20310856827368573
DXLG,1.75,1.3914516061082063,-0.20488479650959646
INSG,1.78,1.4031056795860462,-0.21173838225503028
TNTR,1.71,1.3458111505384673,-0.21297593535762138
LLIT,1.84,1.444708356077148,-0.21483241517546303
CNIT,1.79,1.3831962081946716,-0.22726468815940137
CATB,1.81,1.3975612252976783,-0.22786672635487382
INFI,2.1,1.620618650663093,-0.22827683301757473
MTSL,1.7598,1.35666672965663,-0.22907902622080356
DHX,1.6,1.231811387544763,-0.23011788278452316
BLPH,2.08,1.596080687892349,-0.2326535154363707
ATHX,1.83,1.4036418036003204,-0.23298262098343148
THST,1.83,1.4008028144148965,-0.23453398119404567
CFMS,1.45,1.1075123623973382,-0.23619837076045636
BBOX,2.0,1.523285239903947,-0.23835738004802653
ALSK,1.8,1.363307038255324,-0.24260720096926447
TST,1.79,1.3519015091811317,-0.24474776023400469
XGTI,1.04,0.7783494475447218,-0.2515870696685367
AEZS,1.89,1.3989407405627334,-0.25981971398797166
SPRT,2.76,2.040348142472399,-0.26074342664043504
HOV,1.83,1.350680739943865,-0.2619230929268498
STRM,1.84,1.3554855043507263,-0.26332309546156185
LIFE,2.65,1.9450508877696575,-0.2660185329171103
VBLT,2.3,1.6662996656182294,-0.2755218845138132
HSON,1.94,1.4021209697817016,-0.27725723207128783
SMSI,1.75,1.263662062210717,-0.2779073930224474
IMMY,1.76,1.2690963319399513,-0.2789225386704822
SGYP,1.83,1.3165698660701484,-0.280562914715766
SNGX,1.95,1.3931983964471697,-0.28553928387324634
SSI,2.18,1.5434417834005507,-0.2919991819263529
EGLT,0.6301,0.44600453487147873,-0.29216864803764686
FTFT,2.05,1.4502606290694708,-0.292555790697819
EVOK,2.08,1.4704745341455463,-0.2930410893531028
CLDX,2.33,1.6284528402186473,-0.3010932016228982
KOOL,2.0101,1.402819826681987,-0.30211440889409136
AFMD,1.85,1.2867352210628145,-0.3044674480741544
AIPT,1.1,0.7615592637315479,-0.3076733966076838
LINC,1.99,1.3766893875345585,-0.3081962876710761
PRTS,2.05,1.399462724685415,-0.317335256251017
PYDS,1.81,1.2323593847756729,-0.31913846144990454
DCAR,2.08,1.4031280197825438,-0.3254192212583924
KONA,1.9,1.2782436202325806,-0.3272401998775891
CLSN,2.24,1.4983729615749426,-0.33108349929690073
DVD,2.1,1.4031688093893355,-0.33182437648126883
JAKK,2.1,1.4031220793634427,-0.3318466288745511
APRN,2.0,1.324994240815264,-0.337502879592368
LTRX,2.06,1.3628200222909856,-0.3384368823830167
BLIN,2.06,1.3612626565137083,-0.33919288518752033
NVAX,2.1,1.3829016733943638,-0.3414753936217315
STAF,2.34,1.5383249890775503,-0.3425961585138674
TA,3.6,2.3656917296563256,-0.3428634084287985
ODP,2.15,1.403149398973528,-0.34737237257045206
XBIO,2.15,1.4004206585232386,-0.3486415541752378
QTRH,1.87,1.2165881400331968,-0.34941810693411934
NIHD,2.11,1.3697932816909595,-0.35080887123651205
ASNA,2.01,1.3030583035245682,-0.35171228680369737
TYME,2.23,1.42569447979814,-0.3606751211667534
AEHR,2.25,1.4316814229998776,-0.3636971453333877
CNTF,2.13,1.3546681749404956,-0.3640055516711288
QUMU,1.76,1.111755966015803,-0.3683204738546574
RUBI,1.8,1.1345747246722477,-0.3696807085154179
BOSC,2.23,1.4031478094292615,-0.3707857356819455
ABAC,2.28,1.4340151759394062,-0.3710459754651727
GEN,1.51,0.9488097388333548,-0.37164917958055976
ARC,2.2,1.3752385451208,-0.3748915703996364
PRTO,2.5,1.5626448305203802,-0.3749420677918479
CHNR,2.22,1.3802886061304345,-0.3782483756169215
TCON,2.3,1.4027340609002508,-0.39011562569554314
BKYI,2.15,1.307875578711959,-0.3916857773432749
MBII,2.0,1.2023817837616368,-0.3988091081191816
MNKD,2.28,1.356885701367586,-0.40487469238263774
HMY,2.39,1.409253451464957,-0.41035420440796777
LEE,1.95,1.13214936121204,-0.4194105839938257
CALI,3.45,1.998477392540431,-0.420731190567991
MEET,2.09,1.2072590984753928,-0.422364067715123
RWLK,1.1,0.6351793076665019,-0.42256426575772565
SOFO,2.23,1.2849701302402794,-0.42378021065458327
CYRN,2.35,1.3413676934420247,-0.429205236833181
BIOS,2.46,1.4031262074730106,-0.4296234928971502
CLWT,2.5,1.4135050416449726,-0.43459798334201094
SHOS,3.0,1.690245671405989,-0.4365847761980036
AXSM,2.45,1.3802886061304345,-0.4366168954569656
LPTH,2.2,1.2382508111562402,-0.43715872220170904
COGT,2.5,1.4030994266521812,-0.4387602293391275
EXK,2.43,1.352452457629635,-0.44343520262154934
MNDO,2.21,1.2297490230345867,-0.44355247826489286
ATOM,6.24,3.428389314277409,-0.45057863553246646
BDSI,2.25,1.2324998137846634,-0.45222230498459404
AGRX,2.57,1.3802886061304345,-0.46292272135002543
MCHX,2.73,1.4631011097295636,-0.46406552757158837
ATRS,2.2,1.1694564253736024,-0.46842889755745354
DEST,2.59,1.3677760447468246,-0.47190114102439207
LBCC,2.66,1.4026949869889633,-0.47267105752294614
ALDX,7.5,3.9152654894409817,-0.4779646014078691
CRNT,2.69,1.403154418776512,-0.47838125696040446
CBLI,3.07,1.5941807483539199,-0.4807228832723388
OCC,2.995,1.5444420137721675,-0.4843265396420142
FRED,2.99,1.5387255392347328,-0.4853760738345376
SNSS,2.72,1.3976405959074145,-0.4861615456222741
DXYN,2.75,1.4061580015912987,-0.4886698176031641
RTTR,2.72,1.3802886061304345,-0.4925409536285168
AUY,2.76,1.4001493751076044,-0.492699501772607
PACB,2.05,1.0383141375765783,-0.49350529874313254
HSGX,2.75,1.3802886061304345,-0.49807687049802385
CHFS,2.79,1.3993018483217035,-0.4984581188811099
VLRX,2.7,1.3537481132435336,-0.49861180990980236
NDRA,2.6,1.292980847302835,-0.5026996741142942
LENS,2.54,1.2598552677033603,-0.5039939890931653
ARDM,1.22,0.6049887144617733,-0.5041076110969072
HMNY,2.83,1.4024527751372582,-0.5044336483613929
CODX,2.18,1.07937508200084,-0.5048738155959449
BVSN,2.79,1.3783891710368215,-0.5059537021373399
WPRT,2.85,1.4030994235377547,-0.5076844127937703
PIXY,2.85,1.4030679062509384,-0.5076954714908988
PTX,2.39,1.1650170242858384,-0.5125451781230802
AVEO,2.9,1.401544249860048,-0.5167088793586041
JCP,3.02,1.4559652664277292,-0.517892295884858
GNUS,2.8,1.3494477133220255,-0.5180543880992765
APTO,4.06,1.9364399808508361,-0.5230443396919122
ACRX,2.1,0.9849734473719188,-0.5309650250609911
LUB,2.78,1.3032103453064168,-0.5312193002494903
DRRX,2.14,1.0028374809535205,-0.5313843546946166
SEAC,2.71,1.2673477015089483,-0.5323440215834139
MPVD,3.2,1.493945647554399,-0.5331419851392503
NWY,3.38,1.573199343862477,-0.5345564071412789
CWBR,5.35,2.4856373068823734,-0.5353948959098367
MATR,2.1,0.9716222901086055,-0.5373227189959022
TANH,2.795,1.2903313703332948,-0.5383429802027568
CELC,16.48,7.573490245047242,-0.5404435530917936
STKS,2.75,1.2616976919658311,-0.5412008392851524
FGP,3.12,1.403138824695212,-0.5502760177258936
CTXR,3.1,1.3802886061304345,-0.5547456109256663
AUTO,2.98,1.3173408007923646,-0.5579393285931662
CASI,4.17,1.838733207250634,-0.5590567848319823
NH,3.05,1.3421803865567115,-0.559940856866652
BCLI,3.15,1.3802886061304345,-0.5618131409109732
FNJN,3.25,1.416902304512258,-0.5640300601500745
PIR,3.22,1.4031489558833266,-0.5642394546946191
FLL,3.21,1.3964398401439069,-0.5649720124162284
UAN,3.25,1.40594395762081,-0.567401859193597
YOGA,2.88,1.243144554759954,-0.5683525851527937
KOPN,3.12,1.3449213687707267,-0.5689354587273312
CPAH,2.85,1.22485212456928,-0.5702273247125333
ITUS,3.84,1.6474253642439627,-0.570982978061468
RXII,3.22,1.3802886061304345,-0.5713389421955173
TENX,5.47,2.3405574697174942,-0.5721101517883922
AQB,2.95,1.2589088223581317,-0.5732512466582604
UONEK,2.05,0.8728462196834744,-0.5742213562519636
ABIL,3.28,1.3938774689211813,-0.5750373570362253
ICAD,3.08,1.3059130515034174,-0.5760022560053839
TPIV,3.38,1.4267502391635203,-0.5778845446261774
SCKT,3.23,1.3574888030752863,-0.5797248287692611
FUV,3.25,1.3640822210906456,-0.5802823935105705
NVUS,5.0399,2.0672259120124665,-0.589827990235428
LUNA,3.24,1.3202923658099843,-0.5925023562314864
CHK,3.02,1.1656138567794345,-0.6140351467617766
IPI,3.64,1.4031150114543571,-0.6145288430070448
ZDGE,3.2,1.2302589309171825,-0.6155440840883805
QTM,3.64,1.398767861845688,-0.6157231148775583
IGLD,5.351,2.0497953783262814,-0.6169322783916499
VBIV,3.5,1.2911306604789807,-0.631105525577434
NE,3.71,1.3657328152401735,-0.6318779473746163
XPLR,3.24,1.177648159903788,-0.6365283457087074
HL,3.67,1.3317694595923433,-0.6371200382582171
SLS,3.45,1.240711790520912,-0.6403733940519096
EYES,1.92,0.6847463512969879,-0.6433612753661522
TUES,3.95,1.4053553979237807,-0.6442138233104353
ZNGA,3.66,1.2967593824625014,-0.6456941577971307
EVK,3.9,1.3774682956092472,-0.6468030011258341
CGIX,1.65,0.5825731303736447,-0.6469253755311244
PXLW,3.87,1.3619266308664715,-0.6480809739363123
NBEV,2.42,0.8515243004114182,-0.6481304543754469
VSI,4.35,1.526935134664431,-0.6489804288127745
ARLZ,1.5,0.5236872590841432,-0.6508751606105712
BOXL,4.06,1.400110505685567,-0.655145195643949
DOGZ,4.07,1.40319532860893,-0.6552345629953489
VIRC,4.1,1.4052948789581405,-0.6572451514736242
SPWH,4.08,1.392355397207663,-0.6587364222530238
MTBC,3.33,1.1139845983830479,-0.6654700905756613
GTIM,3.05,1.0117950350681602,-0.6682639229284721
ESV,4.39,1.4544675251221157,-0.6686862129562379
HCHC,5.26,1.7410780846792702,-0.6689965618480476
SQBG,2.085,0.6878142633074235,-0.6701130631619072
BSQR,4.25,1.4008490930048345,-0.6703884487047449
TCCO,5.25,1.7291915106074636,-0.6706301884557212
ABEO,14.35,4.712330969121407,-0.6716145666117486
FMSA,4.25,1.3825382924425966,-0.6746968723664479
QEP,9.79,3.180401146974965,-0.6751377786542425
GNC,3.86,1.2395472103211933,-0.6788737797095354
BBRG,4.0,1.2787554900411804,-0.6803111274897049
OSS,4.4,1.403141751378866,-0.6811041474138941
VKTX,4.37,1.3802886061304345,-0.6841444837230127
SWN,4.33,1.3662444934181854,-0.6844700938988024
CDXC,4.2,1.3195087619164507,-0.6858312471627499
GLUU,3.77,1.1708106061573131,-0.6894401575179541
AKS,4.53,1.403146771110999,-0.6902545759136868
BKS,4.95,1.5164157609774853,-0.69365338162071
NTWK,4.6,1.3991410750158995,-0.695838896735674
CAAS,4.69,1.4248142527493628,-0.6962016518658075
NCMI,5.19,1.5671068872633103,-0.6980526228779749
VXRT,5.3138,1.6014371149101474,-0.6986267614682247
MOTS,4.48,1.3355391011701965,-0.7018885934887955
SSNT,3.75,1.1144470258150658,-0.7028141264493157
AVID,4.54,1.347177482095769,-0.7032648717850729
JILL,4.42,1.3111418427773178,-0.7033615740322811
LORL,41.65,12.294882159479037,-0.7048047500725321
KGC,5.09,1.483101448563755,-0.7086244698303035
CXDC,4.25,1.2378231027916144,-0.7087475052255026
FRAN,4.8,1.3943951136862798,-0.709501017982025
SKIS,4.85,1.4083305787883877,-0.7096225610745592
PCMI,8.3,2.4057579877860054,-0.7101496400257825
VOXX,4.95,1.4223671792471118,-0.7126530951015936
MYSZ,4.834,1.3802886061304345,-0.7144624314997032
LCUT,12.4,3.5180895539938,-0.716283100484371
NTRP,8.14,2.302109410864966,-0.717185576060815
WKHS,2.64,0.7403156454784708,-0.7195774070157308
KNDI,4.85,1.3595575652385263,-0.7196788525281389
ELON,4.59,1.274745271996598,-0.7222777185192597
GOLF,23.09,6.317276907961401,-0.7264063703784582
IAG,5.19,1.4150549821279959,-0.7273497144262051
SSC,2.13,0.5788406133228353,-0.7282438435104059
ESND,7.8,2.1118336657800647,-0.729252094130761
KBSF,5.36,1.4396221070171893,-0.7314137860042558
HBP,5.23,1.4034897862857654,-0.7316463123736586
EVOL,4.8144,1.2848748017978093,-0.73311839444213
FAT,6.8738,1.8255602097144146,-0.734417613297679
RBCN,6.95,1.7934321122603127,-0.7419522140632644
TNAV,5.4,1.391600037226035,-0.7422962894025862
RBBN,5.1,1.3121388893868722,-0.7427178648261035
EMKR,5.7,1.4656076188471463,-0.7428758563426059
VHI,6.06,1.5569549296882892,-0.7430767442758599
AGEN,4.71,1.201032332881525,-0.7450037509805679
FRSH,4.86,1.2373627266514804,-0.7453986159153333
IDT,6.27,1.5932999528877554,-0.7458851749780294
XELA,5.53,1.4031041290660498,-0.7462741177095751
AHC,5.15,1.3012883792983305,-0.7473226447964407
DS,4.78,1.2016309531168399,-0.7486127713144687
TLF,7.1,1.7823045615213609,-0.7489711885181182
APPS,2.01,0.5018856913933155,-0.7503056261724799
KODK,5.35,1.32023730767159,-0.7532266714632542
EXFO,5.4,1.329769654109413,-0.7537463603501087
CLBS,5.84,1.4316292024419597,-0.7548580132804863
ETM,9.65,2.364378136664139,-0.7549867215892084
YRCW,8.83,2.1621719248449778,-0.7551334173448496
P,5.03,1.2274349523076253,-0.7559771466585238
SND,5.82,1.406671100386145,-0.7583039346415559
ALQA,1.94,0.468638738655219,-0.7584336398684438
LSCC,5.57,1.345271986858299,-0.7584789969733754
SANW,3.6,0.868316926669985,-0.7588008537027819
ENZ,5.48,1.3209761240813713,-0.7589459627588738
CLAR,6.75,1.6169020931796267,-0.7604589491585738
VUZI,5.5,1.3099382017271943,-0.7618294178677829
CRWS,5.9,1.4031666912749907,-0.7621751370720355
NETS,5.92,1.4068016607854137,-0.7623645843267882
MXWL,5.93,1.4022964954585944,-0.7635250429243516
AXTI,7.25,1.7099986370275349,-0.7641381190306848
TAHO,6.05,1.4242975363166792,-0.7645789196170778
CERC,4.29,1.0094246959101945,-0.7647028680862018
FCAU,16.502,3.8675862457736523,-0.7656292421661828
MUX,2.08,0.48397576201094095,-0.7673193451870477
INSE,5.5,1.2630094819746325,-0.7703619123682486
TSRI,6.2,1.4233079217278997,-0.7704342061729195
F,11.08,2.5421267892928854,-0.7705661742515446
FBIO,4.55,1.0404235437890046,-0.7713354848815375
SIRI,6.24,1.4057490677003028,-0.774719700689054
INT,24.55,5.4836190605131385,-0.7766346614862265
HWCC,7.325,1.635099377450476,-0.7767782419862832
ZIOP,3.92,0.8748040101270466,-0.776835711702284
FTR,7.42,1.6557445569112823,-0.7768538333003663
IDSY,6.22,1.3749236281947765,-0.7789511851776887
VCEL,9.95,2.199001820670125,-0.7789947918924497
SHSP,6.37,1.4064955206093277,-0.7792000752575624
JASN,3.11,0.6855786302485519,-0.7795567105310123
SORL,6.51,1.4236669212295068,-0.7813107647880941
FAMI,6.3,1.37480185685552,-0.7817774830388063
EMES,6.15,1.3385248999768047,-0.7823536748005195
EVFM,6.35,1.3802886061304345,-0.7826317155700103
BNED,6.89,1.493584706260462,-0.783224280658859
MTEM,8.0,1.732735640909322,-0.7834080448863348
SIGM,6.2,1.3338304389444096,-0.7848660582347726
DHXM,7.0,1.4967019000578277,-0.7861854428488817
KTCC,6.96,1.4846755654304356,-0.7866845451967766
RYI,8.15,1.728873179850209,-0.7878683214907719
LQDT,6.5,1.3657457545065737,-0.7898852685374502
TTS,6.0,1.2603320170423147,-0.7899446638262809
BGFV,7.25,1.5096241309535419,-0.7917759819374425
CBB,13.85,2.877816178636658,-0.7922154383655843
AIHS,5.9499,1.2285638546909374,-0.7935152095512635
WOW,7.15,1.47260082684913,-0.7940418423987231
NPTN,6.85,1.4052734516794474,-0.7948505909957011
CALX,6.85,1.403107652347411,-0.7951667660806699
NBR,6.99,1.4190877617632034,-0.796983152823576
MRIN,6.65,1.3470421795474898,-0.7974372662334601
TLRD,25.06,5.040202986581389,-0.798874581541046
HMHC,6.95,1.3942807236484347,-0.7993840685397936
SSLJ,5.32,1.0664979656344595,-0.7995304575875076
FSM,6.72,1.3401968451867838,-0.8005659456567286
LFGR,7.05,1.4030992775045625,-0.8009788258858777
LAC,6.98,1.3881190651461064,-0.8011290737613028
AXR,7.19,1.4245804941223321,-0.801866412500371
DAVE,7.1,1.4031245838807163,-0.8023768191717301
CEL,7.13,1.403151913264724,-0.8032045002433768
PCTI,7.18,1.412492037256421,-0.8032740895186044
EXPR,7.16,1.3963375016506507,-0.8049807958588476
MDCA,7.2,1.4030389435575685,-0.8051334800614488
CLF,6.95,1.34713430239455,-0.8061677262741656
RELL,7.95,1.5313149090868485,-0.8073817724419059
NETE,6.96,1.3402496867528693,-0.8074353898343578
ATEN,5.82,1.1112884467445894,-0.8090569679133008
CSSE,7.12,1.3590504646629964,-0.8091221257495792
BCOV,6.95,1.3255420259591197,-0.8092745286389755
ASPU,7.06,1.3427341858870245,-0.8098110218290333
AMKR,10.13,1.9111652566523136,-0.8113361049701566
ICCC,7.0,1.320638063158167,-0.8113374195488333
GSIT,7.41,1.3648699815539205,-0.8158070200332092
IFON,7.65,1.4031072153244346,-0.816587292114453
XONE,7.28,1.3317725634341997,-0.8170642083194781
CVGI,7.75,1.3964576421577806,-0.8198119171409315
RFP,8.3,1.4887034955068552,-0.8206381330714633
BURG,3.7,0.6626157302291616,-0.820914667505632
AGI,6.7,1.1967690685777428,-0.8213777509585458
MVO,7.86,1.4033158488869812,-0.821461087927865
IKNX,8.8,1.564296884570545,-0.8222389903897108
MRAM,7.55,1.3386690124669354,-0.8226928460308695
TRIL,9.21,1.6274421278825288,-0.8232961858976624
IOTS,7.4,1.3021763125568597,-0.8240302280328569
SHLO,8.7,1.5132344641877293,-0.826065004116353
CLRO,7.95,1.3819719889896493,-0.826167045410107
MAMS,7.832,1.3613606091241652,-0.826179697507129
HZN,8.24,1.4295770103591972,-0.8265076443738839
MOBL,4.95,0.8562808271184378,-0.8270139743195075
ACET,7.6,1.3143500343670826,-0.8270592060043312
KEYW,7.86,1.356062581282662,-0.8274729540352848
HHS,9.1559,1.5758231107568514,-0.8278898731138554
CTG,8.19,1.4080439756650187,-0.8280776586489599
CLUB,7.6,1.305184608001444,-0.8282651831577047
FNKO,8.21,1.4031478071035899,-0.8290928371371997
AGFS,7.35,1.2546265107357266,-0.8293025155461596
NDLS,7.55,1.2823783408811997,-0.8301485641216955
CLXT,13.12,2.2256540277760983,-0.8303617356877974
PRPL,8.22,1.3918459761442041,-0.8306756720019217
TZOO,7.275,1.2222644871459516,-0.8319911357874981
EGAN,7.95,1.3287904850670897,-0.8328565427588567
AG,7.89,1.3125420684164903,-0.8336448582488605
CNTY,7.46,1.233283681712273,-0.8346804716203388
CSLT,3.65,0.6015818299217742,-0.8351830602954043
PDFS,11.66,1.9217394079090444,-0.835185299493221
PVG,8.56,1.4106221809251687,-0.835207689144256
DAIO,7.44,1.2223513773309662,-0.8357054600361604
PIRS,6.82,1.1146360183497244,-0.836563633673061
PLAB,8.25,1.3316559566495703,-0.838587156769749
BRQS,8.7,1.399970418572805,-0.8390838599341603
OAS,8.1,1.299096421235633,-0.8396177257733786
ASYS,7.32,1.1677347920613474,-0.8404733890626574
DAKT,8.81,1.4054270029727918,-0.8404736659508749
CVON,9.24,1.4662219432523425,-0.8413179715094867
CALL,8.4,1.3267505231494776,-0.8420535091488717
CRME,3.01,0.4752211626706757,-0.8421192150595762
CHS,9.04,1.404723656029475,-0.8446102150409873
INWK,9.05,1.4031498467844714,-0.8449558180348651
JMBA,8.58,1.3270038145200158,-0.845337550755243
TSQ,7.93,1.2255087445266866,-0.8454591747129021
ARCO,9.15,1.4028119682312368,-0.8466872165867501
HTGM,3.62,0.5543470576013548,-0.8468654537012832
MGIC,8.5,1.3010265760130246,-0.8469380498808207
VRTV,39.2,5.998236998826682,-0.8469837500299315
RMNI,8.56,1.3051218936545528,-0.8475324890590475
SAH,18.95,2.8820900898022535,-0.8479108132030473
BBW,9.15,1.388468436396531,-0.8482548156943682
OCIP,9.15,1.380294611015358,-0.8491481299436767
CTAA,23.92,3.5989082911826547,-0.8495439677599225
IPIC,11.8,1.7725882993951982,-0.8497806525936273
MX,9.6,1.4236619863341469,-0.8517018764235263
SPNS,8.53,1.259026920250884,-0.8524001265825458
LOCO,9.5,1.388425255294885,-0.8538499731268542
ATTU,7.5,1.0950656504981802,-0.8539912466002426
TRQ,3.07,0.4465432159906202,-0.8545461837164103
LIVX,3.8,0.5521683710048672,-0.8546925339460876
SCWX,8.08,1.1652897926306327,-0.8557809662585851
RLH,9.75,1.4055119493142714,-0.8558449282754593
HBM,9.12,1.3120660436154563,-0.8561331092526911
WAIR,10.25,1.4741687739599363,-0.8561786561990306
NYMX,4.23,0.6077336163399186,-0.8563277502742509
GPIC,9.84,1.4118372772716774,-0.8565206019032848
SRT,9.78,1.4031437582074155,-0.8565292680769514
CSTM,10.85,1.5529311274011826,-0.8568727071519647
KIRK,9.69,1.385042625183778,-0.8570647445630776
PCYG,8.75,1.2496372081551437,-0.8571843190679835
INOV,10.6,1.4933716875014365,-0.8591158785376003
NXEO,10.7,1.5040211309655853,-0.8594372774798518
DWCH,8.65,1.2139621484146157,-0.8596575550965763
GCI,9.98,1.3950913083509553,-0.8602112917484013
WSTG,13.0301,1.8208569485852322,-0.8602576381927052
AMD,10.05,1.4031383640193038,-0.860384242386139
LAZY,10.05,1.3904783247606711,-0.8616439477850079
DGII,10.3,1.4245162513611134,-0.8616974513241638
VRA,10.61,1.4655692472365942,-0.8618690624659195
FLWS,11.8,1.6287169210242287,-0.8619731422860823
AIRG,7.74,1.068156099260094,-0.8619953360129078
PLYA,10.22,1.4074099335310404,-0.8622886562102701
LAKE,12.95,1.7693519266965407,-0.8633705075910008
SA,10.8,1.4726055049038824,-0.8636476384348257
GME,12.62,1.7206206916354234,-0.8636592161937066
HMTV,11.25,1.522032149455705,-0.8647082533817151
VIAV,9.72,1.3116465943912492,-0.8650569347334106
ORGS,10.3155,1.390881696986363,-0.8651658478031736
KVHI,10.35,1.39478814846,-0.865237860052174
LIND,10.27,1.380453587725707,-0.8655838765603012
ENIA,11.62,1.5613962533569774,-0.865628549625045
UIS,10.75,1.4440588115824422,-0.8656689477597728
GTN,12.7,1.7025373841021385,-0.8659419382596741
CCJ,11.71,1.556708182035047,-0.8670616411584076
NXEOU,10.139,1.3378014597492554,-0.8680539047490625
JAX,11.45,1.4986803324052915,-0.8691108879995378
GSM,10.73,1.4042642093828852,-0.8691272871031794
INFN,10.86,1.4026450874926346,-0.8708429937852086
TPB,19.44,2.501460297351771,-0.8713240587782011
EROS,10.9,1.395952733005891,-0.871930941926065
YTRA,6.61,0.846308776910553,-0.871965389272231
GOGO,8.63,1.1035768798953995,-0.8721231888881344
EVGN,11.01,1.4019833243018232,-0.8726627316710425
CSPI,10.75,1.3664249052136834,-0.8728907064917504
TRUE,9.46,1.1984742977660896,-0.8733113850141554
RIG,9.45,1.1897944153645938,-0.8740958290619477
VG,10.65,1.3381340241026494,-0.8743536127603146
OMN,10.5,1.3173884155400892,-0.8745344366152296
INAP,11.0,1.3670450784837866,-0.8757231746832921
TACO,10.36,1.282374234622536,-0.876218703221763
ADMA,4.6,0.5688136620461176,-0.8763448560769309
TLYS,11.3,1.3955404497927533,-0.8765008451510838
PNTR,14.55,1.7919065284818227,-0.8768449121318335
PCOM,9.77,1.2019881772693464,-0.8769715274033423
HZO,19.45,2.3819616673335022,-0.877534104507275
CLFD,12.9,1.5738244960299266,-0.8779981010829514
DMRC,23.95,2.908312332995482,-0.8785673347392283
BEL,11.15,1.3523777227584697,-0.8787105181382538
BBGI,11.3,1.3559035028515702,-0.8800085395706575
AOI,26.05,3.1220548013728084,-0.8801514471641916
BOJA,13.85,1.6549862055488296,-0.880506411151709
ABX,16.05,1.9174336928220392,-0.8805337263039228
EXTR,11.07,1.3224730839508507,-0.8805354034371409
QBAK,11.3,1.3477737921082071,-0.8807279829992737
XNET,10.09,1.2032088481563563,-0.8807523440875762
SPH,22.01,2.6210402575475236,-0.8809159355952966
TAST,11.2,1.327993370399565,-0.8814291633571817
WEN,17.55,2.0802840970395384,-0.8814652936159807
USAT,9.0,1.0663612521735955,-0.8815154164251561
JCTCF,14.7,1.7409491606017506,-0.8815680843128061
SSRM,12.41,1.468990431042422,-0.8816284906492811
CNSL,10.96,1.295678312255712,-0.8817811758890773
OCLR,9.56,1.1256722548258105,-0.8822518561897688
IRDM,11.25,1.3219592209291227,-0.8824925136951891
TGNA,11.39,1.3340910622017628,-0.8828717241262719
DDD,11.59,1.352507617772953,-0.883303915636501
EAST,7.0,0.8148818984677405,-0.8835883002188942
MERC,12.45,1.4462999267225438,-0.8838313311869442
HABT,8.8,1.0184360403352715,-0.8842686317800827
AGYS,11.92,1.3777988766650586,-0.8844128459173608
PICO,11.45,1.3232423213645723,-0.8844329850336619
CDXS,11.0,1.2687816144251922,-0.884656216870437
MITK,7.4,0.8531533450186496,-0.8847090074299122
CBAY,12.99,1.4932736591718623,-0.8850443680391176
MPX,14.01,1.6105008976949557,-0.8850463313565342
BHVN,25.76,2.958042864169726,-0.8851691434716722
NEO,8.16,0.9360381329905768,-0.885289444486449
DZSI,11.44,1.3028742355136407,-0.8861123920005559
CZR,11.25,1.279296775494159,-0.8862847310671859
SNAP,15.87,1.8029121804680472,-0.8863949476705704
MDRX,12.35,1.3957657273373898,-0.8869825321994016
DSPG,11.8,1.31781930814708,-0.8883203976146543
TWI,12.61,1.4079102955319893,-0.8883496990061864
FINL,13.54,1.5052954861446017,-0.8888260349967059
ACMR,12.3,1.365560454214056,-0.8889788248606458
EGOV,13.3,1.4742873840051387,-0.8891513245108918
QUOT,13.1,1.449854940823978,-0.8893240503187803
EZPW,13.2,1.4584365582942254,-0.8895123819474071
CISN,11.57,1.2714952312117695,-0.8901041286765973
SUP,13.3,1.461576454310344,-0.8901070335105005
QNST,12.77,1.4031387668133073,-0.8901222578846275
ESCA,13.7,1.502136831129624,-0.8903549758299545
SNCR,10.55,1.154937383244239,-0.890527262251731
MITL,11.94,1.301912915886323,-0.8909620673462041
GM,36.34,3.9496198747255233,-0.8913148080702938
LXFR,12.8,1.3898323757402404,-0.8914193456452937
LEXEA,39.28,4.2597272311681325,-0.8915548057238255
ORBC,9.37,1.0151173241331084,-0.8916630390466266
AXL,15.22,1.6482993080144852,-0.8917017537441205
LNDC,13.05,1.4094366718788813,-0.8919971898943386
TACT,13.05,1.4083947697476185,-0.8920770291381135
MAT,13.15,1.4031198495746007,-0.8932988707547832
PBPB,12.05,1.2843509293812807,-0.8934148606322588
SSP,11.99,1.2758343621641672,-0.8935917963165833
AMSWA,13.0,1.3575494500744902,-0.8955731192250392
FBM,14.91,1.5559830869296114,-0.8956416440691072
CDZI,13.5,1.397777909266897,-0.8964608956098595
CCRC,15.17,1.5666546421870309,-0.8967267869355945
FNSR,15.81,1.6306132331395156,-0.8968619080873171
RNET,13.6,1.399661480299713,-0.8970837146838446
ICL,14.8,1.521318364635607,-0.8972082186057022
WSC,13.65,1.4030730884038238,-0.8972107627542987
OOMA,10.9,1.1138577120056778,-0.8978112190820479
SCS,13.6,1.3860261139466998,-0.8980863151509779
FOSL,12.7,1.2897449504964835,-0.8984452794884659
UCTT,19.25,1.9470823464828024,-0.8988528651177765
YEXT,12.65,1.2793578536990848,-0.8988649918024438
SMPL,13.73,1.3810791100899493,-0.8994115724624946
WPM,20.37,2.0484793135770496,-0.8994364598145779
PQG,13.97,1.4031381887966559,-0.8995606164068249
XCRA,11.65,1.162652346096824,-0.9002015153564957
NLS,13.45,1.341075029508624,-0.9002918193673886
ACER,19.27,1.9197001441147794,-0.9003788197138153
PAR,14.09,1.403145257072556,-0.9004155246932182
CTL,16.43,1.6278433755520356,-0.9009224969231872
CRC,17.15,1.6906855712391429,-0.9014177509481549
CUE,14.05,1.3802886061304345,-0.9017588180690083
IMMR,11.95,1.1738342642898427,-0.9017711912728165
AMC,14.05,1.3773008662077322,-0.9019714685973145
PI,13.02,1.2750242497296407,-0.9020718702204578
QSII,13.65,1.3257973527826263,-0.9028719888071336
DENN,15.43,1.491785226739374,-0.9033191687142337
KBAL,17.04,1.641660039688813,-0.9036584483750697
CNX,15.43,1.4697885491627911,-0.904744747299884
RST,13.15,1.2466937262465616,-0.9051943934413261
CPHC,15.15,1.4335170365134724,-0.905378413431454
GTXI,17.75,1.6744854261385362,-0.9056627928936036
ZYME,12.02,1.1314094592597503,-0.9058727571331322
VRS,16.84,1.5843006507217279,-0.9059203889120114
MTOR,20.56,1.9314278098334055,-0.9060589586656904
VDSI,12.95,1.2104533947616143,-0.9065286953852035
DBD,15.4,1.4375872841835928,-0.9066501763517147
KRNT,12.9,1.1971551921241335,-0.9071972719283617
RGS,15.13,1.3952546218917745,-0.9077822457440995
ADTN,15.55,1.4285080468466824,-0.9081345307494095
CATO,14.74,1.3527836277494623,-0.9082236344810406
BZH,15.95,1.4616734185573539,-0.9083590333192881
PAH,9.63,0.880369942239298,-0.9085804836719317
VZ,47.82,4.371378738391164,-0.9085868101549317
STML,15.3,1.3966366872837943,-0.9087165563866801
TIVO,13.55,1.2324549494942088,-0.9090439151664791
SEAS,14.83,1.3482364862637732,-0.9090872227738521
RRC,14.54,1.319556450305463,-0.9092464614645486
OR,12.44,1.1276694314146618,-0.9093513318798503
GPI,65.34,5.883457074781409,-0.9099562737254147
FCX,17.57,1.574863537084219,-0.910366332550699
RCUS,15.44,1.3802886061304345,-0.9106030695511377
PSDO,15.64,1.3930237595937172,-0.9109319846807087
PAY,15.38,1.3683189308219155,-0.9110325792703566
XLRN,39.1,3.4752950369924505,-0.911117773989963
NWSA,15.8,1.4039996947909752,-0.911139259823356
AOSL,15.45,1.3720982510169346,-0.9111910517141143
JBLU,20.32,1.788591795399006,-0.9119787502264268
BBBY,20.99,1.845310262124514,-0.9120862190507616
TPH,16.43,1.441565928538513,-0.9122601382508513
FOGO,15.75,1.3794710670266914,-0.9124145354268768
T,35.65,3.0975364653700788,-0.9131125816165476
AQ,15.7,1.3640138384706053,-0.9131201376770315
PBI,10.89,0.9432889626479476,-0.9133802605465613
CMCSA,34.17,2.957008006873052,-0.9134618669337708
ASUR,12.24,1.0567499065544568,-0.9136642233207143
VERI,13.92,1.198852324265113,-0.9138755514177361
CENX,16.54,1.421551739589673,-0.9140537037732966
SMCI,17.0,1.461008068263871,-0.9140583489256546
MARK,5.68,0.4863086964197446,-0.9143822717570872
RMBS,13.43,1.1474962140254434,-0.9145572439296021
DFRG,15.25,1.2937102433736993,-0.915166541418118
PRTY,15.6,1.311594977162172,-0.9159233988998607
RDI,16.65,1.3993991218477797,-0.915952004693827
NUAN,15.75,1.3219925555679213,-0.9160639647258463
SWCH,15.91,1.3308274828585187,-0.916352766633657
ELY,16.36,1.364517942884504,-0.9165942577698958
CROX,16.25,1.3405983175259304,-0.9175016419984043
SPAR,17.2,1.4014843499558105,-0.9185183517467552
STAY,19.77,1.610841868175584,-0.9185208969056357
SOHU,30.92,2.5159274636648576,-0.9186310652113565
NYNY,17.25,1.4030240664497207,-0.9186652715101611
MTSI,16.6,1.348687477813781,-0.9187537663967602
BXC,32.59,2.643154373357301,-0.9188967666966155
CVG,22.62,1.8316849146507979,-0.9190236554088949
TGH,16.95,1.3719639343985333,-0.9190581749617385
AVNW,16.76,1.3561236448228464,-0.919085701382885
SPOK,14.95,1.2088351531209751,-0.9191414613297006
GT,26.58,2.1467911259631913,-0.9192328395047709
JAG,14.13,1.1355739557048747,-0.9196338318680202
SLP,14.75,1.1773836464921783,-0.9201773798988354
GG,17.79,1.4144063605711348,-0.920494302384984
GAIA,15.5,1.2212160437370385,-0.9212118681459975
HBI,18.42,1.4505611881950409,-0.921250749826545
FORM,13.65,1.0747794950588627,-0.9212615754535631
MT,31.81,2.4965215156761698,-0.9215177140623649
LPSN,16.35,1.2823051264587129,-0.9215715518985497
TRK,17.82,1.3968307453614646,-0.9216144362872354
PERY,25.8,2.0163562678505897,-0.9218466562848608
RYAM,21.47,1.667927092048183,-0.9223135960853198
VECO,17.0,1.3179615108195786,-0.9224728523047306
SBH,16.45,1.274113344981418,-0.922546301216935
CNXN,25.0,1.9124893660900621,-0.9235004253563975
RCKY,21.45,1.6408920495733477,-0.9235015361504266
NSIT,34.93,2.649984360105291,-0.9241344299998485
VNTR,18.09,1.3723057536060708,-0.924140091011273
CNDT,18.64,1.4077282586434867,-0.9244780977122593
MODN,18.05,1.3589402652144549,-0.9247124506806397
DFIN,17.17,1.2909487916004587,-0.9248136988002063
HVT,20.15,1.5115006999913088,-0.9249875583130864
NEXA,17.51,1.3125416149080045,-0.9250404560303824
CYD,21.17,1.5832544664352741,-0.9252123539709365
LTRPA,10.75,0.7991578330540984,-0.9256597364600838
GPP,17.4,1.290018508931725,-0.9258610052338089
YPF,21.62,1.6025323094620325,-0.9258773214864925
EIGI,7.4,0.5471638828344217,-0.9260589347521052
HPE,17.54,1.2922012664872944,-0.9263283200406331
GRBK,10.9,0.8008197907246394,-0.9265302944289322
FDC,16.0,1.1728570722179548,-0.9266964329863778
MIK,19.71,1.4446431316138866,-0.9267050668891991
DLTH,18.73,1.3589331781073777,-0.9274461730855644
UAA,16.35,1.1854528124664117,-0.9274952408277424
GLT,20.53,1.487509413898413,-0.9275445974720695
HBB,21.22,1.533157426114463,-0.9277494144149641
KRO,22.6,1.6296520545755842,-0.9278915020099299
CRSP,45.71,3.276472889267242,-0.9283204355881155
PAG,44.33,3.1758821152256242,-0.9283581747072948
CMC,20.46,1.4651462990788167,-0.9283897214526482
MANU,19.2,1.3729671901740548,-0.9284912921784346
SCVL,23.8,1.701682476601388,-0.9285007362772526
IMAX,19.2,1.3714187026036937,-0.9285719425727242
PENN,26.26,1.865940688979698,-0.9289436142810473
DISCA,21.43,1.5185719521277115,-0.929138033031838
AEO,19.93,1.4044478202770674,-0.9295309673719484
MLR,25.0,1.756426635594695,-0.9297429345762123
FRGI,18.5,1.299031537643517,-0.9297820790462964
HPQ,21.92,1.5366329645597565,-0.9298981311788432
TESS,23.15,1.6222003240809002,-0.9299265518755551
AAPL,167.78,11.739929927367413,-0.9300278345013266
CHGG,20.66,1.4440806370462576,-0.9301025829116042
TTGT,19.88,1.3884093542869183,-0.9301604952571972
PAAS,20.77,1.449488775905046,-0.9302123844051494
MOD,21.15,1.47089543338675,-0.93045411662474
CWH,32.25,2.242753840478233,-0.9304572452564889
NEWM,17.14,1.1914290578741187,-0.9304883863550689
NANO,26.9,1.8698285309440643,-0.9304896456898117
AVD,20.2,1.4004884885129654,-0.930668886707279
BB,14.81,1.0263488214385106,-0.9306989317057048
KNL,20.19,1.3986155887169684,-0.9307273111086197
CRAY,20.7,1.4308053520313782,-0.9308789685008996
REVG,20.76,1.4341395987146321,-0.9309181310831102
ATUS,18.48,1.27650518252115,-0.9309250442358685
GES,20.74,1.4252693797047238,-0.9312792005928291
VALU,18.3,1.2485262031046327,-0.9317745244205119
TROX,18.44,1.2562444300209807,-0.9318739463112267
SFIX,20.28,1.371303196706429,-0.9323814991762116
CY,16.96,1.1454487339787556,-0.932461749175781
ANDE,33.1,2.2198330615955655,-0.9329355570514934
XOXO,20.75,1.3811067641048602,-0.9334406378744646
SEND,28.14,1.8707151690135588,-0.9335211382724393
TRNC,16.42,1.0865033493562422,-0.9338304902949913
HIBB,23.95,1.5846464636124495,-0.9338352207259938
ABB,23.74,1.5665429449188557,-0.9340125128509328
DVAX,19.85,1.3061284495392176,-0.9342000781088555
SWIR,21.25,1.3946177081431448,-0.9343709313814991
ZOES,14.44,0.9453846144741235,-0.9345301513522075
VGR,20.39,1.3322438116923379,-0.9346619023201403
LILA,19.45,1.270688680143619,-0.9346689624604823
STM,22.29,1.4510969877724276,-0.9348991930115556
WNC,20.81,1.3498198058084383,-0.9351360016430351
BKE,22.15,1.43644954493725,-0.9351490047432393
M,29.74,1.920566628939771,-0.9354214314411644
SGC,26.27,1.685577753045691,-0.9358364007215192
PSTG,19.95,1.2791431542390086,-0.9358825486596988
FRPT,16.45,1.0503054457543093,-0.9361516446349964
VVV,22.13,1.4097841831225555,-0.9362953374097354
DSW,22.46,1.4301299765390927,-0.9363254685423378
TILE,25.2,1.6034344263172913,-0.9363716497493139
EDIT,33.15,2.1074936380174623,-0.9364255312815245
SCSC,35.55,2.259373349261145,-0.9364451941136105
COOL,18.13,1.1459246530923735,-0.936794006999869
NTIC,22.7,1.4341047323345104,-0.9368235800733695
TOWR,27.75,1.7420438779742442,-0.9372236440369641
CLDR,21.58,1.3527318950779694,-0.9373154821557939
VSTO,16.32,1.0141633533830903,-0.9378576376603499
AVYA,22.4,1.3834412037064423,-0.938239231977391
BATRA,22.73,1.403090874265764,-0.9382714089632308
SKX,38.89,2.398012879768819,-0.9383385734181326
MPAA,21.43,1.3191189428215324,-0.9384452196536849
IPG,23.03,1.4163507309483987,-0.9384997511529136
SJR,24.82,1.525875477157704,-0.938522341774468
SAIL,20.69,1.2714201817472692,-0.9385490487314031
FNV,87.9,5.384310421151945,-0.938745046403277
STRT,36.95,2.257403389564805,-0.9389065388480432
AN,46.78,2.856947359436784,-0.938928017113365
LE,23.35,1.4195146078859913,-0.9392070831740474
COMM,39.97,2.426496773334821,-0.9392920497039075
SONC,25.23,1.530831920179771,-0.9393249338018324
DAN,25.76,1.5628137496058798,-0.9393317643786537
LIVE,12.16,0.7357991703932009,-0.9394901998031907
NWHM,11.08,0.6701739882631338,-0.9395149830087425
FOE,23.22,1.4031588328706261,-0.9395711096954942
BMCH,19.55,1.1793307838623823,-0.9396761747384971
QRTEA,25.17,1.5167509977888303,-0.9397397299249571
MNLO,37.58,2.2603692897053347,-0.9398518017640943
XOM,74.61,4.485585543279345,-0.9398795665020863
PRTA,36.71,2.2047228772324434,-0.9399421716907533
ATI,23.68,1.421919807492141,-0.9399527108322575
WEB,18.1,1.0840336560169574,-0.9401086377891184
GCO,40.6,2.428472396754469,-0.9401854089469343
MRVL,21.0,1.2556732942768987,-0.940206033605862
MOS,24.28,1.4514540146468282,-0.9402201806158638
TRC,23.11,1.3801233599449954,-0.940280252706837
CIEN,25.9,1.5410172694618587,-0.9405012637273413
NWL,25.48,1.5133931559170444,-0.9406046642104771
LMNR,23.73,1.4080147176622697,-0.9406652036383367
CVNA,22.93,1.3572791692893689,-0.9408077117623477
CHUY,26.2,1.546468276445569,-0.9409744932654363
PLNT,37.77,2.2276108631081373,-0.9410216875004465
PETQ,26.6,1.5653727600677692,-0.9411513999974523
ARKR,24.0,1.4123316096593816,-0.9411528495975258
HEES,38.49,2.263183753405646,-0.9412007338683906
SBGI,31.3,1.8356593763901534,-0.9413527355785893
LL,23.92,1.4014051233782698,-0.9414128292902061
ETH,22.95,1.3424976670099142,-0.9415033696291977
EGHT,18.65,1.0840699910130325,-0.9418729227338857
KEQU,34.05,1.977348403029231,-0.9419280938904778
BOOT,17.73,1.0292985037764963,-0.941945938873294
HCLP,10.6,0.6146224617148269,-0.9420167488948277
BXG,21.17,1.2272907870174707,-0.9420268877176443
BG,73.94,4.285433488098384,-0.942041743466346
RDCM,18.35,1.0630750105262554,-0.9420667569195501
PRFT,22.92,1.3274442783548914,-0.9420835829688092
ACLS,24.6,1.4244708981920113,-0.9420946789352841
RDWR,21.35,1.2317602045560005,-0.9423063136039344
TDS,28.03,1.615442802254457,-0.9423673634586351
TECK,33.18,1.9082192537389764,-0.9424888711953292
MSGN,22.6,1.296110499447427,-0.9426499779005564
CTB,29.3,1.6792219421377355,-0.9426886709168009
ZUMZ,23.9,1.3671180291413036,-0.9427984088225396
COHU,22.81,1.3047033595536561,-0.9428012556092216
VCRA,23.42,1.3377239582084504,-0.9428811290261123
ORCL,45.75,2.611371164225773,-0.942920848869382
KL,19.97,1.1345670472088156,-0.94318642728048
JNPR,24.33,1.3740334914081882,-0.943525133933079
EVH,14.25,0.804603804793495,-0.9435365751022109
ACIW,23.72,1.339296399593568,-0.94353725128189
CTMX,28.45,1.5989800555308058,-0.9437968346034866
EGL,24.4,1.3712063020861045,-0.9438030204063071
TITN,23.56,1.3214085988823983,-0.9439130475856368
PHM,29.49,1.652299961788826,-0.9439708388677915
ANF,24.21,1.3555886690016625,-0.9440070768689937
MDC,27.92,1.5618461801849866,-0.9440599505664403
SAVE,37.78,2.103431370744805,-0.9443242093503228
ALLT,19.23,1.0703190660219897,-0.9443411822141451
MHO,31.85,1.772041965092645,-0.9443628896360237
TYPE,22.45,1.2464052112716852,-0.9444808369144015
RUTH,24.45,1.3561100097355774,-0.9445353779249253
USAP,27.5,1.5251786330926134,-0.9445389587966322
ABG,67.5,3.7281087542120552,-0.9447687591968584
UNVR,27.75,1.5323540592917304,-0.9447800338993971
CLW,39.1,2.1585955716123677,-0.944792952132676
NYT,24.1,1.32742036899162,-0.9449203166393518
CHUBA,22.5,1.232759037692059,-0.9452107094359085
UVV,48.5,2.639703937823037,-0.9455731146840611
CINR,27.8789,1.5162645153063465,-0.9456124698138612
ALBO,32.57,1.7596250960694548,-0.9459740529300137
ALCO,27.2,1.4693956925982814,-0.9459780995368279
WIFI,24.77,1.3329996005395004,-0.9461849172168146
GPS,31.2,1.6769328608690484,-0.9462521518952228
XRX,28.78,1.5440964993879578,-0.9463482800768604
SCHN,32.35,1.735268225677285,-0.946359560257271
HA,38.7,2.0442653354749014,-0.947176606318478
ANGI,13.58,0.7164151245883196,-0.9472448361864272
TWTR,29.01,1.5290695803615515,-0.9472916380433798
APPN,25.18,1.3236069748918493,-0.9474341948017534
TRTN,30.6,1.6079610274114362,-0.9474522540061622
ON,24.46,1.2825531469063995,-0.947565284263843
BCOR,24.6,1.2890882495681653,-0.9475980386354405
MU,52.14,2.728616690938188,-0.9476674972969277
THRM,33.95,1.75219774750857,-0.948388873416537
MCFT,25.2,1.299243478288938,-0.9484427191155184
WMT,88.97,4.578628591241297,-0.9485373879820018
SSYS,20.18,1.0350716667527613,-0.948708044263986
INNT,27.38,1.4023520249582404,-0.9487818836757399
FLXS,39.58,2.0242066649762664,-0.9488578407029745
ADM,43.37,2.2144027092537066,-0.9489416022768341
DKS,35.05,1.7849968198544826,-0.9490728439413842
SIG,38.52,1.9521270917937907,-0.9493217265889462
SYNT,25.53,1.293316430484189,-0.9493413070707329
BRKS,27.08,1.3692036182492098,-0.9494385665343719
IGT,26.73,1.346515938102153,-0.9496252922520706
OEC,27.1,1.3641664979647685,-0.9496617528426284
HCOM,26.68,1.339125309212657,-0.9498078969560474
ADNT,59.76,2.9989123916285214,-0.9498173963917583
AVHI,18.55,0.930644104280726,-0.9498305065077776
CTRN,30.91,1.5479680564105838,-0.9499201534645557
RUSHA,42.49,2.1176601230646654,-0.9501609761575743
VIAB,31.06,1.5449368255229472,-0.9502595999509675
MSB,25.75,1.2804561162666843,-0.9502735488828472
UFI,36.25,1.8001169116360347,-0.9503416024376267
SYKE,28.94,1.4369126994463732,-0.950348559106898
SYX,28.55,1.4138006258951181,-0.95047983797215
FGEN,46.2,2.2842759452912405,-0.9505567977209688
NAV,34.97,1.7287182217486938,-0.9505656785316359
DNKN,59.69,2.9488752922440935,-0.9505968287444447
PAHC,39.7,1.959783601208851,-0.9506351737730768
MCS,30.35,1.4943843561653671,-0.9507616357111905
DAL,54.81,2.694618512669265,-0.9508371006628487
FB,159.79,7.836695273476111,-0.9509562846643963
HOFT,36.7,1.795956922488808,-0.9510638440738745
AMAT,55.61,2.691014497985015,-0.9516091620574534
AUDC,25.35,1.2255839492175258,-0.9516534931275138
LAD,100.52,4.8482759602389525,-0.9517680465555217
BSET,30.35,1.4507115062458809,-0.9522006093493943
IDTI,30.56,1.459852318688153,-0.9522299633937122
CAMP,22.88,1.0903038176489068,-0.9523468611167436
HSTM,24.83,1.177311941257095,-0.9525851010367662
RTEC,27.7,1.3112069669103557,-0.9526640084147886
XPER,21.15,1.0005838162977763,-0.9526910725154716
ARMK,39.56,1.8642689222491504,-0.952874900853156
RRR,29.28,1.3782895117379947,-0.9529272707739755
DIOD,30.46,1.433286577377451,-0.9529452863631829
CULP,30.55,1.436883955141686,-0.9529661553145111
CAL,33.6,1.5761304795273214,-0.9530913547759726
SYMC,25.85,1.2098054138338914,-0.9531990168729636
X,35.19,1.6366284782864198,-0.953491660179414
EFII,27.33,1.2690835103888225,-0.9535644526019458
BIG,43.53,2.016354736929883,-0.9536789630845421
FOXA,36.69,1.6940175598157627,-0.9538289027033043
GILT,30.0,1.3847816674632392,-0.9538406110845586
WVE,40.1,1.850750100854385,-0.9538466309013869
LB,38.21,1.7563009644947054,-0.9540355675348153
MLHR,31.95,1.4669562417268884,-0.9540858766282664
APTI,28.34,1.3008243106269681,-0.9540993538946024
CPSI,29.2,1.3380355545645286,-0.954176864569708
DK,40.7,1.8642039659778549,-0.9541964627523869
CMTL,29.89,1.3641053392798388,-0.9543624844670512
KLIC,25.01,1.1402963218343953,-0.954406384572795
HWKN,35.15,1.6014074155016158,-0.9544407563157435
RICK,28.39,1.2883500797872056,-0.9546195815502921
OBAS,27.81,1.2611474399048124,-0.9546512966593019
ASIX,34.78,1.5750827309876727,-0.9547129749572262
ROKU,31.1,1.4031217789870083,-0.954883544084019
KBH,28.45,1.2833067363952098,-0.9548925575959505
BNFT,24.4,1.10020569098364,-0.9549096028285393
HUN,29.25,1.3166037489737716,-0.9549879060179907
EAT,36.1,1.624835484740263,-0.9549907067938985
LZB,29.95,1.3467266725819078,-0.9550341678603703
TEN,54.87,2.4640163856607744,-0.9550935595833647
GMS,30.56,1.3702012848728082,-0.9551635705211777
TTEC,30.7,1.3735377104559978,-0.9552593579656027
ARMO,37.41,1.6693620721431,-0.9553765818726784
TMHC,23.28,1.0346451931660123,-0.9555564779567864
NCR,31.52,1.398623381606464,-0.955627430786597
WWW,28.9,1.2774708524461111,-0.9557968563167436
FOXF,34.9,1.5386464526076815,-0.9559127090943358
PLOW,43.35,1.9108801111586682,-0.9559197206191772
MGM,35.02,1.5340220850198842,-0.9561958285259885
HOME,32.04,1.403156392311399,-0.9562061051088827
DISH,37.89,1.6570566012433576,-0.956266650798539
SLCA,25.52,1.1151280164571702,-0.9563037611106124
ATRA,39.0,1.6984226323983411,-0.9564507017333759
G,31.99,1.39111029409995,-0.9565142140012519
AXTA,30.19,1.3088124004359396,-0.956647485908051
OTEL,14.9,0.6435363485776059,-0.95680964103506
ASMB,49.14,2.1202681656460283,-0.956852499681603
WEYS,33.6,1.443495413035091,-0.9570388269930032
EYE,32.31,1.3834506742619843,-0.9571819661324054
PDVW,29.85,1.2771520026833745,-0.9572143382685636
CEVA,36.2,1.5481987526218033,-0.9572320786568562
LBRDA,84.8,3.6231120468915226,-0.9572746220885434
RKDA,24.01,1.023781757665037,-0.957360193350061
HNI,36.09,1.5369623328806372,-0.9574130691914481
BAND,32.66,1.390758544796784,-0.9574170684385553
GCP,29.05,1.2339630711769476,-0.9575227858458882
CARS,28.33,1.2027370684498555,-0.957545461756094
OSTK,36.25,1.5356981521756774,-0.9576359130434295
STLD,44.22,1.8731857777568912,-0.9576393989652444
POL,42.52,1.7883601847976474,-0.9579407294262078
LGF A,25.83,1.0852986746212374,-0.9579830168555463
MXL,22.75,0.9538938861737248,-0.9580705984099461
RARE,50.99,2.132218203552229,-0.9581836006363555
ALTR,31.36,1.304643773586478,-0.958397838852472
AGS,23.26,0.9643513648249772,-0.9585403540487972
BYD,31.86,1.3171188002294025,-0.9586591713675643
OLN,30.39,1.2533221642622383,-0.9587587310213149
SHLM,43.0,1.77262980617955,-0.9587760510190803
YELP,41.75,1.7054147766776535,-0.9591517418759844
CASA,29.34,1.1956025199650115,-0.9592500845274365
LOGI,34.96,1.4243149948843064,-0.9592587244026228
FL,45.54,1.8517250240824672,-0.9593384931031518
GIL,37.21,1.5118423231189682,-0.9593699993786894
MGA,72.57,2.9414277617457083,-0.9594677172144728
WBA,65.47,2.6515259338902957,-0.9595001384773133
SILC,34.41,1.387347366697513,-0.9596818550799909
MBUU,33.21,1.3364750125272056,-0.9597568499690694
DDS,80.34,3.2299983128120737,-0.9597958885634544
DESP,31.25,1.2527363400755869,-0.9599124371175812
PRO,33.01,1.320118180220442,-0.9600085374062272
AAL,51.96,2.073476382430769,-0.9600947578439036
OTEX,44.82,1.785659479472466,-0.9601593154959289
BLMN,24.28,0.9664325614228123,-0.9601963524949418
WK,23.7,0.942369140665941,-0.9602375890014371
XEL,45.48,1.8065098459911226,-0.9602790271330008
USM,40.19,1.5900132386631527,-0.9604375904786476
TWLO,38.18,1.5102794169137215,-0.9604431792322231
GIII,37.68,1.4895182377920286,-0.9604692612050948
UAL,69.47,2.744699868137711,-0.9604908612618726
ISCA,44.1,1.7299623443553207,-0.9607718289261832
MO,62.32,2.4390796217606967,-0.9608620086367026
AXE,75.75,2.9633544119857436,-0.9608798097427624
WLKP,22.35,0.87410836319452,-0.9608900061210506
GILD,75.39,2.9463116909025846,-0.9609190649833853
CNK,37.67,1.4705115196854188,-0.9609633257317383
FSCT,32.44,1.2654056000939322,-0.9609924290969811
URBN,36.96,1.4404171779439672,-0.9610276737569273
WLH,27.49,1.069726207418015,-0.9610867148993083
TU,45.24,1.7556620582825269,-0.9611922621953465
BPMC,91.7,3.552247786714206,-0.9612622924022443
IPHS,40.21,1.547607260291389,-0.9615118811168518
ILG,31.11,1.1973208408823086,-0.9615133127328092
KOP,41.1,1.581014317282003,-0.9615324983629683
TGT,69.43,2.660477852575062,-0.9616811486018283
PNK,30.15,1.1539359254571266,-0.9617268349765464
ENTG,34.8,1.33119963978042,-0.961747136787919
SWM,39.15,1.49711771129504,-0.9617594454330769
SCHL,38.84,1.4818777608726088,-0.9618466075985426
MTH,45.25,1.7245530468907861,-0.9618883304554522
UFS,54.81,2.0753938770474014,-0.9621347586745593
JWN,48.41,1.8224947426395914,-0.9623529282660692
ONCE,66.59,2.5031778987083446,-0.9624091019866595
MB,38.9,1.4604229668000719,-0.9624569931413863
MCRI,42.29,1.5859495470479947,-0.9624982372417121
CARB,28.8,1.0764030759580105,-0.9626248931959024
CRS,44.12,1.6483861851997594,-0.9626385724116102
AA,44.96,1.677080298095551,-0.9626983919462734
CF,37.73,1.3915371698001255,-0.9631185483752949
ODC,40.19,1.4748717043633865,-0.9633025204189254
SKYW,54.4,1.9934323957620013,-0.9633560221367279
LUV,57.28,2.0844825971775376,-0.9636088932056994
FIVN,29.79,1.0827830502393287,-0.963652801267562
AYX,34.14,1.2402116081865153,-0.9636727707033826
ANAB,104.08,3.7634646872082564,-0.9638406544272843
MIME,35.43,1.2804556257674649,-0.9638595646128291
COTV,34.44,1.2429811904374617,-0.9639087923798646
WWE,36.01,1.2981910910363892,-0.9639491504849655
TRHC,38.8,1.39537638318106,-0.9640366911551274
WCC,62.05,2.2313681219080315,-0.964039192233553
BBY,69.99,2.503208598396826,-0.9642347678468806
CONN,34.0,1.2160154063327187,-0.9642348409902142
LKQ,37.95,1.3378285377253616,-0.9647476011139562
NUE,61.09,2.1491334386163072,-0.9648202088948059
ARNA,39.5,1.3894165298139645,-0.9648248979793933
CRMT,50.45,1.768848094990156,-0.9649385907831486
HDP,20.37,0.7129216678317872,-0.9650013908771827
KSS,65.51,2.2854628274869513,-0.9651127640438566
BJRI,44.9,1.5629506286864863,-0.9651904091606573
RPD,25.57,0.8883349983430738,-0.9652587016682411
BCE,55.44,1.9252707772468276,-0.9652728936283039
SNBR,35.15,1.2178537601414763,-0.9653526668523051
CA,33.9,1.1724470827232545,-0.9654145403326474
SHEN,36.0,1.2441724048044676,-0.9654396554220981
TRI,38.65,1.3282887289508745,-0.9656328918770796
NEM,39.07,1.333792715250484,-0.9658614610890585
EDUC,25.15,0.858117615751313,-0.9658800152782778
WGO,37.6,1.2815120053191578,-0.9659172339010862
BIP,41.64,1.4164131917764915,-0.9659843133579132
SBUX,57.89,1.9674232353347687,-0.9660144543904859
AMCX,51.7,1.7544323271607332,-0.9660651387396376
CSRA,41.23,1.3945742985900944,-0.9661757385740942
KMX,61.94,2.0923714425373894,-0.9662193825873847
AIV,40.75,1.3739350534578172,-0.9662838023691334
HIG,51.52,1.7368384745999088,-0.9662880730861819
TMUS,61.04,2.057765505467197,-0.9662882453232766
HDS,37.94,1.26995632368696,-0.9665272450267011
GDEN,23.23,0.7775000922334724,-0.9665303447165962
SMP,47.57,1.591874612419467,-0.9665361653895425
LEG,44.36,1.4789948979547063,-0.9666592674040869
NCLH,52.97,1.761566020915338,-0.966744081160745
MTCH,44.44,1.4768642693829732,-0.9667672306619493
ACIA,38.46,1.277655120791282,-0.9667796380449485
CCOI,43.4,1.4371763670394504,-0.9668853371649896
BWA,50.23,1.6612473836708928,-0.9669271872651624
DJCO,228.49,7.537252780866093,-0.9670127673820907
HOG,42.88,1.413333430941397,-0.9670397987187174
CAKE,48.22,1.5821631827469331,-0.9671886523694124
DHI,43.84,1.4370018286686221,-0.9672216736161354
CBS,51.39,1.6819491431483025,-0.9672708864925413
IP,53.43,1.7484755809357342,-0.9672753962018391
CARG,38.47,1.25553681740442,-0.9673632228384607
OKTA,39.85,1.2986925137138043,-0.9674104764438192
FWONA,29.29,0.9530886311929901,-0.9674602720657907
DSGX,36.82,1.194348888244635,-0.9675624962453928
BL,39.21,1.2691493457113587,-0.9676319983241174
ETSY,28.06,0.9058165905288779,-0.967718581948365
MOV,38.4,1.2384860144216132,-0.9677477600411039
RCI,57.54,1.846086597093957,-0.9679164651182837
PLAY,41.74,1.336679878473627,-0.967976045077297
CALD,35.95,1.1510885741854913,-0.9679808463369821
CBT,55.72,1.7765250831407915,-0.9681169224131229
RPM,47.67,1.5195789235680883,-0.9681229510474494
TRCO,40.51,1.2912725337017719,-0.9681245980325408
MANH,41.88,1.3303058967086274,-0.9682352937748656
UPLD,28.79,0.9111895580930881,-0.9683504842621365
MTRN,51.05,1.6119959123325427,-0.9684231946653763
RRGB,58.0,1.8297742274562845,-0.968452168492133
WSM,52.76,1.6612774752712287,-0.9685125573299616
ALSN,39.06,1.2290111111595747,-0.968535301813631
RM,31.84,1.0002120767018319,-0.9685863041236862
CC,48.71,1.527120503994151,-0.9686487270787487
PETS,41.75,1.3087778213006716,-0.9686520282323192
MAXR,59.58,1.8668727490679573,-0.9686661170012092
GOOS,43.11,1.3487103287490756,-0.9687146757423086
ABT,59.92,1.8671609209763131,-0.9688391034550015
ARRS,26.57,0.8265856949851408,-0.9688902636437658
LBTYA,31.31,0.973349687657496,-0.9689124979988024
ALK,61.96,1.9223899196941305,-0.9689736940010631
XOP,35.22,1.0893550743091804,-0.9690699865329591
FAST,54.59,1.6837319667918718,-0.9691567692472638
ZGNX,40.05,1.2301435651819639,-0.9692848048643704
AEP,68.59,2.1053184774071365,-0.9693057518966739
KRA,47.71,1.4617784896038435,-0.9693611718800285
TUP,48.38,1.4803300184026371,-0.9694020252500488
SCCO,52.35,1.6006287450864551,-0.9694244747834488
MMYT,34.7,1.0553182535694168,-0.9695873702141379
RP,51.5,1.5644944840304351,-0.9696214663295061
PRGS,38.45,1.1551363543648416,-0.9699574420191198
AEM,54.2,1.6208631798023152,-0.9700947752804001
DIS,100.44,3.0030200529485787,-0.970101353515048
XON,15.33,0.45711029694311756,-0.9701819767160393
UEIC,52.05,1.5509697420111745,-0.970202310432062
FUL,49.73,1.4783988430883968,-0.970271489179803
RDUS,35.94,1.0663780636905202,-0.9703289353452832
MRCY,48.32,1.4294583284246594,-0.9704168392296221
FEYE,16.93,0.5002319291664624,-0.9704529279878049
SGH,49.84,1.4697270447051753,-0.9705110946086442
PLPC,65.09,1.9154069334475738,-0.9705729461753331
NTCT,26.35,0.7722971338994328,-0.9706908108577066
KAR,54.2,1.5833439162865544,-0.9707870126146392
RS,85.74,2.5043342411643765,-0.9707915297274974
TOL,43.25,1.2622342419640886,-0.9708153932493853
MULE,43.98,1.2832732481066178,-0.9708214359229964
EBAY,40.24,1.1704436015033788,-0.9709134293860989
MDB,43.4,1.2554386191075992,-0.9710728428777051
TDC,39.67,1.1462150584719804,-0.9711062501015382
MTSC,51.65,1.490302362919838,-0.9711461304371765
CPRT,50.93,1.467531838263569,-0.9711853163506073
CRUS,40.63,1.169772548951439,-0.9712091422852218
LSXMA,41.1,1.1818690803171843,-0.9712440613061513
ENV,57.3,1.6409535093256142,-0.9713620679000765
FND,52.12,1.4836030017997852,-0.971534861822721
PZZA,57.3,1.626389679710194,-0.9716162359561921
PCAR,66.17,1.8695212771661778,-0.9717466937106517
MINI,43.5,1.2263257869179816,-0.9718086025995867
BKI,47.1,1.3244414116092207,-0.9718802248065983
OMCL,43.4,1.216790615934305,-0.9719633498632648
AAXN,39.31,1.099713868449784,-0.9720245772462532
CCL,65.58,1.8281544594913592,-0.9721232927799427
CMP,60.3,1.680107743619478,-0.9721375166895609
CDW,70.31,1.9581499655126304,-0.9721497658154938
HGV,43.02,1.195171952797101,-0.9722182251790539
MDP,53.8,1.4928726293309986,-0.9722514381165241
LEN,58.94,1.6347694022792338,-0.9722638377624833
CCS,29.95,0.8301072314014494,-0.9722835648947763
VRTU,48.46,1.3358219878751911,-0.9724345442039787
SHOO,43.9,1.207543047820145,-0.9724933246510218
CSWI,45.05,1.2380493160612946,-0.9725183281673409
CSGS,45.29,1.2422548594059633,-0.9725711004767948
BECN,53.07,1.4531875501064082,-0.9726175325022346
CASY,109.77,3.0045979861636947,-0.972628240993316
RCL,117.74,3.2104243650825457,-0.9727329338790339
GRA,61.23,1.664615299341048,-0.9728137302083775
COUP,45.62,1.2387392982282752,-0.9728465739099458
IPHI,30.1,0.8160775240910031,-0.9728877898973088
VRNT,42.6,1.1522113577556148,-0.9729527850292109
SATS,52.77,1.4259772218432887,-0.9729775019548363
JOUT,62.0,1.6701666481558886,-0.9730618282555502
TSCO,63.02,1.686461027571235,-0.9732392728090886
NTNX,49.11,1.309011008114683,-0.9733453266521139
NKE,66.44,1.7705517841083713,-0.9733511170362978
CPS,122.81,3.246905537072737,-0.9735615541318073
BC,59.39,1.5683550096570227,-0.9735922712635625
DVMT,73.21,1.9200473816391543,-0.9737734273782386
H,76.26,1.9898417210747583,-0.9739071371482461
PLUS,77.7,2.0239944810561723,-0.973951164979972
VSAT,65.72,1.7028843788290868,-0.9740887952095392
YNDX,39.45,1.0131121096179072,-0.9743190846738173
CBM,52.3,1.342629840636488,-0.9743283013262621
COST,188.43,4.824002124394791,-0.9743989697797867
TTD,49.62,1.2674379477404947,-0.9744571151201029
TER,45.71,1.1653549586030634,-0.9745054701683863
SSNC,53.64,1.3643517712114503,-0.9745646575091079
TRIP,40.89,1.0356495038470168,-0.9746723036476641
LYB,105.68,2.6687409139684166,-0.9747469633424639
ALNY,119.1,2.986488705598698,-0.9749245280806155
NTGR,57.2,1.4321659701780014,-0.9749621333884965
MANT,55.47,1.378318114125523,-0.9751520080381193
LXFT,40.95,1.0165472745230484,-0.9751758907320379
SHAK,41.63,1.0301654973313963,-0.9752542518056354
OMC,72.67,1.798225670527068,-0.9752549102720921
WHR,153.11,3.7777195593885455,-0.9753267614173565
PAYX,61.59,1.5188966276383722,-0.9753385837369967
OLLI,60.3,1.4852622046745432,-0.9753687859921303
DLPH,47.65,1.1735976146352343,-0.9753704592941189
QCOM,55.41,1.3608970570203067,-0.9754395044753599
LDOS,65.4,1.6055178423371887,-0.97545079751778
TXRH,57.78,1.413308948133917,-0.9755398243659759
PM,99.4,2.428587017335443,-0.9755675350368668
BH,408.41,9.9357841016549,-0.9756720352056637
LVS,71.9,1.7461965035483256,-0.9757135395890358
IOSP,68.6,1.6636395181139916,-0.9757486950712246
EBS,52.65,1.2693532829956826,-0.9758907258690279
QLYS,72.75,1.7415033125537516,-0.9760618101367182
GIB,74.3,1.7781534235932295,-0.9760679216205488
TPR,52.61,1.2587352005423922,-0.976074221620559
BOX,20.55,0.4915401071883808,-0.9760807733728282
DORM,66.21,1.5827972949531115,-0.9760942864378023
TJX,81.56,1.9455250357779361,-0.9761460883303342
SYNA,45.73,1.0893920494495246,-0.9761777378209157
ATNI,59.62,1.4202410140766926,-0.9761784465938159
PSMT,83.55,1.974075249708347,-0.9763725284295829
ZAYO,34.16,0.8057198747814746,-0.9764133526117835
ERI,33.0,0.7761331507974406,-0.9764808136121987
ESPR,72.33,1.7003864810954208,-0.9764912694442773
TCX,56.0,1.3147551930081058,-0.9765222286962838
TPX,45.29,1.0629219276422806,-0.9765307589392298
TTC,62.45,1.4653449264047582,-0.9765357097453201
IRBT,64.19,1.502877612739912,-0.9765870445125423
XRT,44.3,1.0352746882008041,-0.9766303682121714
EVBG,36.6,0.8549981079226793,-0.9766393959583968
STX,58.52,1.3636480942049558,-0.9766977427511114
EXLS,55.77,1.299429507977575,-0.9767002060610082
IBM,153.43,3.5689090243835437,-0.9767391707985169
SPSC,64.07,1.4880185927904868,-0.9767751117092167
IDCC,73.6,1.6965844711281846,-0.9769485805553236
MDCO,32.94,0.7554823520784076,-0.9770648952010198
SCL,83.18,1.9004218162224271,-0.9771528995404853
GPC,89.84,2.051228479877126,-0.9771679821919287
MTX,66.95,1.5269270769644288,-0.9771930234956769
DWDP,63.71,1.45216537318462,-0.9772066336025016
NP,78.4,1.7825332884768277,-0.9772636060143262
MSTR,128.99,2.931498156017414,-0.9772734463445428
DST,83.65,1.8905425864337762,-0.9773993713516584
TEAM,53.92,1.2124572354054854,-0.9775137753077617
LEA,186.09,4.173201439401862,-0.9775742842742658
ICPT,61.52,1.3623657678335412,-0.9778549127465289
INXN,62.11,1.371709784189651,-0.9779148320046748
JACK,85.33,1.8828489043953427,-0.9779345024681197
SGMS,41.6,0.9138838812914082,-0.9780316374689565
JW A,63.7,1.3947948532089112,-0.9781036914723876
GLOB,51.54,1.1216372134055566,-0.978237539514832
OXM,74.56,1.6210431733777364,-0.9782585411295904
SAIC,78.8,1.711152496746641,-0.9782848667925553
TSG,35.56,0.7691199960437974,-0.9783712037108043
VAC,133.2,2.8544896124410677,-0.9785698978044964
ASH,69.79,1.4903185730956303,-0.9786456716851177
GLIBA,52.86,1.1252009099091218,-0.9787135658359984
WDC,92.27,1.9635695762353134,-0.9787193066409958
PEGA,60.65,1.28857817824393,-0.9787538635079319
THO,115.17,2.4433070647267834,-0.9787852126011394
VC,110.24,2.319126175364558,-0.9789629338228905
TWX,94.58,1.9888069713106464,-0.9789722248751254
QSR,73.32,1.5363469850243852,-0.9790460040231262
SIX,62.26,1.3041705401048045,-0.9790528342418117
ROST,77.98,1.6333534278256439,-0.9790542007203688
LITE,63.8,1.3338865803974196,-0.9790926868276266
SXT,70.58,1.4710189677992456,-0.9791581330717024
XLU,50.53,1.05298843251486,-0.9791611234412259
DRI,85.25,1.7730581045202993,-0.979201664463105
CERN,58.0,1.2002474614653162,-0.979306078250598
SINA,104.27,2.149437315931369,-0.979385851002864
NTAP,61.69,1.2703423553460147,-0.9794076453988326
CE,100.21,2.0627029765524627,-0.9794161962224083
KALU,100.9,2.0727744433444744,-0.9794571412949011
USLM,73.18,1.5023522867091565,-0.9794704524909926
DG,93.55,1.8950408013466293,-0.9797430165542851
DIN,65.58,1.3185992847916794,-0.9798932710461775
CTSH,80.5,1.6128084939316172,-0.9799651118766258
QTWO,45.55,0.9091077101053889,-0.9800415431370936
MMS,66.74,1.328755301903099,-0.9800905708435257
DOX,66.72,1.324257260881157,-0.9801520194712057
VFC,74.12,1.4659021271735706,-0.9802225832815222
FISV,71.31,1.4101929871824166,-0.9802244708009757
SGEN,52.34,1.0345713683581845,-0.9802336383576962
HD,178.24,3.5221664042896412,-0.9802391920764719
APTV,84.97,1.678956211186995,-0.9802406000801813
LCII,104.15,2.0423781163096737,-0.9803900324886253
YUM,85.13,1.661781339850462,-0.9804794861993368
OFIX,58.78,1.1436575377763942,-0.980543423991555
POWI,68.35,1.3223991783957092,-0.9806525357952347
AMBA,48.99,0.9442884204350149,-0.9807248740470501
SITE,77.04,1.4783984815768538,-0.9808099885568944
BABA,183.54,3.497760044748606,-0.9809427915182053
EMN,105.58,2.0107679745307165,-0.9809550296028536
CRI,104.1,1.9680523153229452,-0.9810945983158218
SSTK,48.15,0.9054218351933095,-0.9811958081995159
VEEV,73.02,1.3705369996686412,-0.9812306628366387
DLTR,94.9,1.781186257591755,-0.9812309140401291
NXST,66.5,1.246818356437728,-0.9812508517828913
TXN,103.89,1.9420649777530907,-0.9813065263475494
LGIH,70.57,1.3181482303135015,-0.9813214081009848
PTCT,27.06,0.5047201942164009,-0.9813481081220842
AMGN,170.48,3.159369734596574,-0.9814677983658108
HLT,78.76,1.4552240893350317,-0.9815233101912769
PBYI,68.05,1.2518159002187623,-0.9816044687697463
MXIM,60.22,1.1035042069819605,-0.9816754532218206
QTNA,13.7,0.25079883784295753,-0.9816935154859155
BLUE,170.75,3.097089362652921,-0.9818618485349756
FMC,76.57,1.3802710964082134,-0.9819737351912209
AAP,118.55,2.1336936107313336,-0.9820017409470153
DECK,90.03,1.6160645585275186,-0.9820497105572863
IBP,60.05,1.075165412789893,-0.9820954968727744
NGVT,73.69,1.3102709098828385,-0.9822191490041683
SMG,85.75,1.5184259039280112,-0.9822924092836384
AKAM,70.98,1.2551355825584074,-0.9823170529366243
EBIX,74.5,1.3099946686345838,-0.9824161789445023
MSCC,64.72,1.134634177830764,-0.9824685695638016
PPG,111.6,1.9535985863664296,-0.9824946363228815
MSM,91.71,1.5912170557207692,-0.9826494705515127
TSEM,94.5,1.6185035351165276,-0.9828729784643754
MEOH,78.05,1.3275919430377119,-0.9829904940033605
PLT,60.37,1.022608208789182,-0.983060987099732
FUN,63.88,1.07697913603621,-0.9831405896049434
ATVI,67.46,1.136952947040486,-0.9831462652380598
COLM,76.43,1.2879513625998666,-0.9831486149077605
CSOD,39.11,0.6567628478111144,-0.9832072910301428
MDSO,62.81,1.0547390944093595,-0.9832074654607649
KORS,62.08,1.0315305463108455,-0.9833838507359722
DLB,63.56,1.049268117506862,-0.9834916910398542
PLCE,135.25,2.2248101376120406,-0.9835503871525912
HAS,84.3,1.3822626770553015,-0.9836030524667224
BLKB,101.81,1.6651236051899168,-0.9836447931913376
RL,111.8,1.822502884296747,-0.9836985430742688
VSM,37.63,0.611151574284449,-0.9837589270718988
SWKS,100.26,1.6282196137933496,-0.983760027789813
IMPV,43.3,0.7019416696130057,-0.9837888759904617
TIF,97.66,1.5745423497433975,-0.9838773054500983
NUS,73.71,1.185199679489163,-0.9839207749357053
MCD,156.38,2.5021472951215102,-0.9839995696692575
CBRL,159.2,2.537958413031028,-0.9840580501694031
CYBR,51.02,0.8114286272336461,-0.9840958716731939
GDDY,61.42,0.9737922728909908,-0.9841453553746176
LOW,87.75,1.3862785352355829,-0.9842019540144094
DXC,100.53,1.584445724989819,-0.9842390756491612
BCPC,81.75,1.2868162409155337,-0.9842591285514919
ALB,92.74,1.4478296184148904,-0.9843882939571394
SNPS,83.24,1.294146837765687,-0.984452825110936
ZG,54.0,0.8389452931591778,-0.9844639760526078
WLK,111.15,1.7217958171065617,-0.9845092594052491
SAGE,161.07,2.471634221768964,-0.984654906427212
PTC,78.01,1.1970358490271837,-0.9846553538132652
SFLY,81.25,1.2429868205050587,-0.984701700670707
RH,95.28,1.4552135636642212,-0.9847269777113327
ADI,91.13,1.386928623784676,-0.9847807678724385
MPWR,115.77,1.7601357022581388,-0.984796271035172
QRVO,70.45,1.0678654480570855,-0.9848422221709427
CHH,80.15,1.2147877265687463,-0.984843571720914
ALV,145.94,2.20399905438807,-0.9848979097273669
NATH,73.9,1.1156718486446149,-0.9849029519804517
MLNX,72.85,1.0994661569809887,-0.9849078084148114
UBNT,68.8,1.0373412631784795,-0.9849223653607779
FTNT,53.58,0.8053379139871594,-0.9849694304966936
CACI,151.35,2.2556269964930387,-0.985096617135824
FCFS,81.25,1.2050300946970647,-0.9851688603729593
EXAS,40.33,0.5960831160996002,-0.9852198582668088
MON,116.69,1.7204891137033305,-0.9852558992741166
ADP,113.48,1.6692199822521303,-0.9852906240548808
EA,121.24,1.7769257516587715,-0.9853437334901124
CPA,128.63,1.875325130981683,-0.98542077951503
GWRE,80.83,1.1738821447217989,-0.9854771477827317
IONS,44.08,0.6396821769786495,-0.9854881538797947
PII,114.52,1.6499881835124186,-0.9855921395082744
BR,109.69,1.562876621081739,-0.9857518769160203
EPAM,114.52,1.6031779009703229,-0.9860008915388551
PVH,151.43,2.1167882097214137,-0.9860213418099358
CELG,89.21,1.244791444973126,-0.9860465032510579
VRNS,60.5,0.8354724554014336,-0.986190537927249
RNG,63.5,0.8757773338721168,-0.9862082309626439
MHK,232.22,3.174565819716407,-0.9863294900537576
AVXS,123.58,1.686562057505101,-0.9863524675715722
RACE,120.52,1.6298044340738707,-0.9864768964978935
XLNX,72.24,0.9674031784320961,-0.9866084831335535
LULU,89.12,1.1899814118214782,-0.9866474258099026
PX,144.3,1.9248783084030179,-0.9866605799833471
MAR,135.98,1.812742998105827,-0.9866690469325943
W,67.53,0.8953729915114269,-0.9867411077815574
MKSI,115.65,1.5302621091045387,-0.9867681616160437
ACN,153.5,2.0299370650123487,-0.9867756542995938
LOXO,115.37,1.4880226240981007,-0.9871021701993751
VMW,121.27,1.5611805935377139,-0.9871264072438549
IFF,136.91,1.7622564887121515,-0.9871283581278785
WBC,133.87,1.7129127241633428,-0.9872046558290629
SHOP,124.59,1.5936627749781906,-0.9872087424754941
MSI,105.3,1.3422672781221703,-0.9872529223350222
CVCO,173.75,2.1980644537254377,-0.9873492693310766
RGLD,85.87,1.0851560027227034,-0.9873628042072586
UNF,161.65,2.039733476959339,-0.9873817910488133
AZPN,78.89,0.9927096856968599,-0.9874165333287254
POOL,146.22,1.8228472423232032,-0.9875335300073642
BMRN,81.07,1.0010946345051805,-0.9876514785431704
NVMI,94.38,1.159379996343608,-0.9877158296636617
JCOM,78.92,0.9692162408523176,-0.9877190035370969
WSO,180.97,2.199188437859201,-0.9878477734549417
LRCX,203.16,2.4646977712601013,-0.9878681936835002
ALGT,172.55,2.077786505710676,-0.9879583511694542
MCHP,91.36,1.074186981105914,-0.9882422615903468
TWOU,84.03,0.9802929093018388,-0.9883340127418561
GRUB,101.47,1.180569487970733,-0.9883653347001997
CCMP,107.11,1.240586102217168,-0.9884176444569399
NXPI,117.0,1.3517840988823617,-0.9884462897531422
CAVM,79.38,0.916800749900644,-0.9884504818606621
APD,159.03,1.8288489854902243,-0.9884999749387523
WINA,130.8,1.4952881712233714,-0.9885681332475278
APPF,40.85,0.4653171609732759,-0.988609127026358
MSG,245.8,2.798196063523288,-0.9886159639401005
SLAB,89.9,1.0155191390531884,-0.9887039027913994
HLF,97.47,1.0818008668777752,-0.9889011914755538
UTHR,112.36,1.2292101963713584,-0.9890600730120028
INST,42.15,0.45945905096431294,-0.9890994293958645
TTWO,97.78,1.0579588847670691,-0.9891802118555219
KLAC,109.01,1.1685821210660472,-0.9892800465914499
BURL,133.15,1.40604487563589,-0.9894401436302224
EXPE,110.41,1.1647654695331275,-0.9894505437049803
GOOGL,1037.14,10.918479832925314,-0.9894725111046481
WYN,114.43,1.1875169443630273,-0.9896223285470329
ULTA,204.27,2.110056017662376,-0.9896702598636002
NFLX,295.35,3.038902281753877,-0.9897108438064877
KWR,148.13,1.5238067217517335,-0.9897130444761241
GTT,56.7,0.5775304759865331,-0.9898142773194615
ZEN,47.87,0.47974123066386476,-0.9899782487849621
MTN,221.7,2.213653103721907,-0.99001509651005
ADSK,125.58,1.1881998490535368,-0.9905383034794272
VRSN,118.56,1.1178798304034956,-0.9905711890148153
ATHN,143.03,1.3343057514056231,-0.9906711476515023
WYNN,182.36,1.6582086252270316,-0.9909069498506963
RHT,149.51,1.3383386209443016,-0.9910485009635188
GWW,282.27,2.5094303062195307,-0.9911098228425992
BIO,250.08,2.2065687941562566,-0.99117654832791
CMG,323.11,2.767936165639849,-0.9914334555859
CHKP,99.34,0.8400567012152945,-0.9915436208856926
PANW,181.52,1.525831258732957,-0.9915941424706205
MSCI,149.47,1.2463416147974584,-0.9916615935318294
NEU,401.68,3.3414041395848537,-0.9916814276548873
VRTX,162.98,1.354200575698492,-0.9916910014989662
CTXS,92.8,0.7677687270155608,-0.991726630096815
ASML,198.56,1.613505991530093,-0.9918739625728742
CHTR,311.22,2.5116199821041483,-0.9919297603556836
DATA,80.82,0.6499774147793721,-0.9919577157290352
ANIP,58.22,0.4676237077490937,-0.9919679885305892
DPZ,233.56,1.7846175461660567,-0.9923590617136236
ORLY,247.38,1.8872638237663573,-0.9923709927085198
BIIB,273.82,2.0874143330943142,-0.992376691501372
IAC,156.38,1.1645933677523481,-0.992552798518018
SODA,318.1,2.2587955357217777,-0.9928991023711984
FFIV,144.61,1.022057747257914,-0.9929323162488216
NVR,2800.0,19.71747128008056,-0.9929580459713998
INCY,83.33,0.5829881556199868,-0.9930038622870516
ALXN,111.46,0.7761413788551109,-0.9930365926892597
IPGP,233.38,1.531993465900194,-0.9934356265922522
INTU,173.35,1.1346569810867448,-0.9934545314041722
WIX,79.55,0.5170606654013329,-0.9935001801960863
TYL,210.96,1.3705619467469399,-0.9935032141318404
WDAY,127.11,0.807345070243287,-0.9936484535422604
NEWR,74.12,0.4662422810466217,-0.9937096292357445
PAYC,107.39,0.6713366743509687,-0.9937486109102247
CHDN,244.05,1.5203753446208128,-0.9937702300978455
HUBS,108.3,0.6744401869944087,-0.9937724821145484
AZO,648.69,4.038770265410462,-0.9937739594175793
CRM,116.3,0.705777330738767,-0.9939314073023322
FDS,199.42,1.2015402047163781,-0.9939748259717361
SHW,392.12,2.3519129266185086,-0.9940020582305965
TSLA,266.13,1.59158149814587,-0.9940195336935111
ANET,255.3,1.4468398594418534,-0.9943327855094326
ILMN,236.42,1.3178031136230959,-0.9944260083173035
PFPT,113.65,0.612118362050594,-0.9946140047333868
SPLK,98.39,0.5251919126350647,-0.9946621413493743
ANSS,156.69,0.8215553509729608,-0.9947568105751933
ADBE,216.08,1.110562301420822,-0.9948604114151203
AVGO,235.65,1.1770241556732826,-0.9950052019704083
BKNG,2080.39,10.281986083701302,-0.9950576641477313
NOW,165.45,0.7253626011694326,-0.9956158198780934
LOGM,115.55,0.49620308372613964,-0.9957057283970044
AMZN,1447.34,5.876424830299746,-0.9959398449360207
REGN,344.36,1.3705873025521722,-0.9960198998067367
STMP,201.05,0.7260600266097671,-0.9963886594050745
CABO,687.11,2.4481796731141063,-0.996436990186267
LGND,165.16,0.5842262697154469,-0.9964626648721515
ULTI,243.7,0.8121886702185829,-0.9966672602781347
MELI,356.39,0.9289164728501812,-0.9973935394571952
LQ,18.91,0.0,-1.0
